Fund Name,P1,P2,P3,P4,P5,Topsis Score,Rank
M1,0.86,0.74,6.5,68.1,19.05,0.6959090100945318,1
M2,0.83,0.69,6.7,31.7,9.98,0.6391101014687867,2
M3,0.95,0.9,6.6,43.2,12.91,0.594988683109536,3
M4,0.84,0.71,3.0,63.9,17.11,0.3083656651478415,7
M5,0.95,0.9,3.1,62.6,16.89,0.2673488829613884,8
M6,0.71,0.5,4.9,60.3,16.6,0.5908686591661836,4
M7,0.72,0.52,3.3,64.6,17.29,0.40292701655288193,6
M8,0.67,0.45,4.6,59.2,16.23,0.5579935476747631,5
